symptom,disease,correlationweight,confidence,notes,primary,secondary,order
Fatigue,Diabetes,8.5,0.9,Common symptom of diabetes,true,false,1
Increased thirst,Diabetes,9.0,0.95,Primary indicator of diabetes,true,false,1
Frequent urination,Diabetes,8.8,0.92,Strong correlation with diabetes,true,false,2
Headache,Hypertension,7.5,0.85,Common in high blood pressure,true,false,1
Dizziness,Hypertension,7.0,0.8,Associated with hypertension,false,true,2
Chest pain,Hypertension,6.5,0.75,Can occur in severe cases,false,true,3
Fever,Influenza,9.5,0.98,Primary symptom of flu,true,false,1
Cough,Influenza,8.5,0.9,Common respiratory symptom,true,false,2
Sore throat,Influenza,7.5,0.85,Typical flu symptom,false,true,3
Chest pain,Pneumonia,9.0,0.95,Primary symptom of pneumonia,true,false,1
Cough with phlegm,Pneumonia,8.8,0.92,Characteristic symptom,true,false,2
Fever,Pneumonia,8.5,0.9,Common in lung infections,true,false,3
Difficulty breathing,Pneumonia,9.2,0.96,Severe respiratory symptom,true,false,1
Nausea,Migraine,7.5,0.85,Common migraine symptom,false,true,2
Sensitivity to light,Migraine,8.0,0.88,Characteristic migraine symptom,true,false,3
Sound sensitivity,Migraine,7.8,0.86,Typical migraine symptom,false,true,4
Wheezing,Asthma,9.0,0.95,Primary asthma symptom,true,false,1
Shortness of breath,Asthma,8.8,0.92,Core asthma symptom,true,false,2
Chest tightness,Asthma,8.5,0.9,Common asthma symptom,false,true,3
Joint stiffness,Arthritis,8.5,0.9,Primary arthritis symptom,true,false,1
Joint pain,Arthritis,9.0,0.95,Core arthritis symptom,true,false,2
Swelling,Arthritis,7.5,0.85,Common in inflammatory arthritis,false,true,3
Persistent sadness,Depression,8.5,0.9,Primary depression symptom,true,false,1
Loss of interest,Depression,8.8,0.92,Core depression symptom,true,false,2
Fatigue,Depression,7.5,0.85,Common in depression,false,true,3
Weight gain,Obesity,8.5,0.9,Primary obesity indicator,true,false,1
Difficulty breathing,Obesity,7.0,0.8,Associated with excess weight,false,true,2
Joint pain,Obesity,6.5,0.75,Can be caused by weight,false,true,3
Stomach pain,Gastritis,8.5,0.9,Primary gastritis symptom,true,false,1
Nausea,Gastritis,7.5,0.85,Common in stomach inflammation,false,true,2
Indigestion,Gastritis,8.0,0.88,Typical gastritis symptom,true,false,3
Fever,Influenza,9.5,0.98,Primary symptom of flu,true,false,1
Cough,Influenza,8.5,0.9,Common respiratory symptom,true,false,2
Sore throat,Influenza,7.5,0.85,Typical flu symptom,false,true,3
Chest pain,Pneumonia,9.0,0.95,Primary symptom of pneumonia,true,false,1
Cough with phlegm,Pneumonia,8.8,0.92,Characteristic symptom,true,false,2
Fever,Pneumonia,8.5,0.9,Common in lung infections,true,false,3
Difficulty breathing,Pneumonia,9.2,0.96,Severe respiratory symptom,true,false,1
Nausea,Migraine,7.5,0.85,Common migraine symptom,false,true,2
Sensitivity to light,Migraine,8.0,0.88,Characteristic migraine symptom,true,false,3
Sound sensitivity,Migraine,7.8,0.86,Typical migraine symptom,false,true,4
Wheezing,Asthma,9.0,0.95,Primary asthma symptom,true,false,1
Shortness of breath,Asthma,8.8,0.92,Core asthma symptom,true,false,2
Chest tightness,Asthma,8.5,0.9,Common asthma symptom,false,true,3
Joint stiffness,Arthritis,8.5,0.9,Primary arthritis symptom,true,false,1
Joint pain,Arthritis,9.0,0.95,Core arthritis symptom,true,false,2
Swelling,Arthritis,7.5,0.85,Common in inflammatory arthritis,false,true,3
Persistent sadness,Depression,8.5,0.9,Primary depression symptom,true,false,1
Loss of interest,Depression,8.8,0.92,Core depression symptom,true,false,2
Fatigue,Depression,7.5,0.85,Common in depression,false,true,3
Weight gain,Obesity,8.5,0.9,Primary obesity indicator,true,false,1
Difficulty breathing,Obesity,7.0,0.8,Associated with excess weight,false,true,2
Joint pain,Obesity,6.5,0.75,Can be caused by weight,false,true,3
Stomach pain,Gastritis,8.5,0.9,Primary gastritis symptom,true,false,1
Nausea,Gastritis,7.5,0.85,Common in stomach inflammation,false,true,2
Indigestion,Gastritis,8.0,0.88,Typical gastritis symptom,true,false,3
