name,description,symptoms,treatment,prevention,severity,category,riskscore,agegroupmin,agegroupmax,genderpreference,ischronic,iscontagious
Diabetes,Chronic condition affecting blood sugar levels,Fatigue,Increased thirst,Frequent urination,Insulin therapy,Diet management,Exercise,Regular monitoring,MEDIUM,Endocrine,7.5,20,80,Both,true,false
Hypertension,High blood pressure condition,Headache,Dizziness,Chest pain,Blood pressure medication,Lifestyle changes,Diet modification,Regular exercise,LOW,Cardiovascular,6.0,30,70,Both,true,false
Influenza,Viral respiratory infection,Fever,Cough,Sore throat,Rest,Fluids,Antiviral medication,Vaccination,HIGH,Infectious,8.5,5,90,Both,false,true
Pneumonia,Lung infection causing inflammation,Chest pain,Cough with phlegm,Fever,Difficulty breathing,Antibiotics,Rest,Oxygen therapy,Vaccination,Smoking cessation,HIGH,Respiratory,9.0,10,85,Both,false,false
Migraine,Severe recurring headache,Nausea,Sensitivity to light,Sound sensitivity,Pain medication,Rest in dark room,Stress management,Regular sleep patterns,MEDIUM,Neurological,6.5,15,65,Both,true,false
Asthma,Chronic respiratory condition,Wheezing,Shortness of breath,Chest tightness,Inhalers,Bronchodilators,Avoiding triggers,Regular medication,MEDIUM,Respiratory,7.0,5,75,Both,true,false
Arthritis,Joint inflammation and pain,Joint stiffness,Pain,Swelling,Anti-inflammatory medication,Physical therapy,Exercise,Weight management,MEDIUM,Musculoskeletal,6.5,40,80,Both,true,false
Depression,Mental health disorder affecting mood,Persistent sadness,Loss of interest,Fatigue,Therapy,Antidepressants,Social support,Regular exercise,MEDIUM,Mental Health,7.0,15,80,Both,true,false
Obesity,Excessive body fat accumulation,Weight gain,Difficulty breathing,Joint pain,Diet modification,Exercise program,Behavioral therapy,Portion control,LOW,Metabolic,5.5,10,80,Both,true,false
Gastritis,Stomach lining inflammation,Stomach pain,Nausea,Indigestion,Antacids,Diet modification,Stress reduction,Avoiding irritants,MEDIUM,Digestive,6.0,20,75,Both,false,false
