name,description,category,severity,iscommon,bodypart,frequency,duration,isemergency,relatedsymptoms
Fatigue,Extreme tiredness and lack of energy,General,6.5,true,Whole body,Constant,Variable,false,Weakness,Lethargy
Fever,Elevated body temperature above normal,General,7.5,true,Whole body,Intermittent,1-7 days,true,Chills,Sweating
Cough,Forceful expulsion of air from lungs,Respiratory,6.0,true,Chest,Intermittent,Variable,false,Sore throat,Chest pain
Headache,Pain in the head or upper neck,Neurological,6.5,true,Head,Intermittent,Variable,false,Nausea,Sensitivity to light
Chest pain,Pain or discomfort in chest area,Cardiovascular,8.5,false,Chest,Constant,Variable,true,Shortness of breath,Dizziness
Nausea,Feeling of sickness in stomach,Digestive,5.5,true,Stomach,Intermittent,Variable,false,Vomiting,Stomach pain
Shortness of breath,Difficulty breathing or breathlessness,Respiratory,8.0,false,Chest,Constant,Variable,true,Chest pain,Wheezing
Joint pain,Pain in joints of the body,Musculoskeletal,6.0,true,Joints,Intermittent,Variable,false,Stiffness,Swelling
Dizziness,Feeling of lightheadedness or unsteadiness,Neurological,5.5,true,Head,Intermittent,Variable,false,Nausea,Headache
Stomach pain,Pain or discomfort in stomach area,Digestive,6.5,true,Stomach,Intermittent,Variable,false,Nausea,Indigestion
Increased thirst,Excessive need to drink fluids,General,5.0,false,Whole body,Constant,Variable,false,Frequent urination,Fatigue
Frequent urination,Need to urinate more often than usual,Urinary,5.5,false,Urinary system,Constant,Variable,false,Increased thirst,Increased appetite
Wheezing,High-pitched whistling sound when breathing,Respiratory,7.0,false,Chest,Intermittent,Variable,false,Shortness of breath,Cough
Insomnia,Difficulty falling or staying asleep,Neurological,6.0,true,Whole body,Constant,Variable,false,Fatigue,Anxiety
Loss of appetite,Reduced desire to eat food,Digestive,5.0,true,Stomach,Constant,Variable,false,Nausea,Weight loss
Weight gain,Increase in body weight,General,4.5,true,Whole body,Gradual,Variable,false,Increased appetite,Fatigue
Sensitivity to light,Increased sensitivity to bright lights,Neurological,5.0,false,Eyes,Constant,Variable,false,Headache,Nausea
Sound sensitivity,Increased sensitivity to loud sounds,Neurological,5.0,false,Ears,Constant,Variable,false,Headache,Anxiety
Indigestion,Discomfort in upper abdomen after eating,Digestive,5.5,true,Stomach,After meals,Variable,false,Stomach pain,Nausea
Swelling,Abnormal enlargement of body parts,General,6.0,true,Variable,Intermittent,Variable,false,Pain,Redness
Rash,Red irritated area on skin,Skin,5.5,true,Skin,Variable,Variable,false,Itching,Redness
